filename,class,object_count,human,gpt_4_initial_answer
7605.jpg,eggs,20,20.0,18
1997.jpg,bottle caps,14,14.0,12
331.jpg,strawberries,33,32.0,30
7118.jpg,nail polish,33,33.0,30
3682.jpg,buns,14,14.0,15
3411.jpg,nuts,11,11.0,6
3216.jpg,candles,18,18.0,9
2285.jpg,apples,48,53.0,15
6777.jpg,alcohol bottles,122,126.0,118
1907.jpg,bottle caps,28,28.0,30
6749.jpg,caps,53,59.0,72
6990.jpg,comic books,45,27.0,36
6034.jpg,potatoes,16,16.0,14
911.jpg,comic books,85,85.0,61
6405.jpg,beads,38,39.0,15
4967.jpg,tree logs,19,19.0,11
392.jpg,pigeons,27,26.0,12
374.jpg,pigeons,12,11.0,11
995.jpg,watches,20,20.0,15
3174.jpg,buns,8,8.0,8
3302.jpg,cupcake tray,9,9.0,1
5700.jpg,potatoes,12,12.0,10
6499.jpg,beads,14,14.0,12
345.jpg,strawberries,63,60.0,38
6164.jpg,tomatoes,101,150.0,
2955.jpg,stamps,105,105.0,118
7129.jpg,keyboard keys,104,104.0,104
7658.jpg,chairs,211,180.0,240
7103.jpg,cars,48,50.0,29
6031.jpg,cupcake tray,12,12.0,2
4947.jpg,tree logs,205,180.0,
3191.jpg,candles,12,13.0,9
5204.jpg,donuts tray,12,12.0,12
6395.jpg,beads,39,39.0,22
3707.jpg,chewing gum pieces,14,14.0,15
72.jpg,tomatoes,189,300.0,
2523.jpg,spoon,8,8.0,10
6747.jpg,people,37,37.0,43
4975.jpg,pigeons,11,11.0,12
4251.jpg,cupcake tray,12,12.0,1
3705.jpg,spring rolls,31,32.0,24
2487.jpg,lipstick,12,13.0,15
3144.jpg,coffee beans,54,52.0,
4221.jpg,biscuits,10,10.0,10
1903.jpg,bottle caps,139,150.0,
982.jpg,birds,50,49.0,25
4601.jpg,kiwis,8,8.0,8
1458.jpg,keyboard keys,162,150.0,104
4413.jpg,hot air balloons,11,11.0,14
4282.jpg,cupcake tray,12,12.0,1
6514.jpg,beads,31,30.0,19
3587.jpg,chicken wings,9,9.0,10
501.jpg,geese,19,19.0,15
7187.jpg,pencils,50,50.0,48
5297.jpg,potatoes,32,32.0,19
5959.jpg,cranes,10,10.0,12
2128.jpg,pens,12,12.0,12
4588.jpg,kiwis,8,8.0,8
827.jpg,bottle caps,40,40.0,48
6089.jpg,chicken wings,19,18.0,17
3837.jpg,lighters,50,45.0,36
6883.jpg,oranges,70,68.0,36
6635.jpg,pens,10,10.0,10
4436.jpg,tomatoes,27,24.0,18
6297.jpg,pills,16,16.0,10
2895.jpg,caps,29,29.0,40
7624.jpg,cartridges,53,49.0,54
740.jpg,ants,10,10.0,12
524.jpg,geese,30,32.0,15
7581.jpg,comic books,30,30.0,42
3258.jpg,beads,9,10.0,10
3802.jpg,crayons,12,12.0,16
836.jpg,books,230,240.0,41
3304.jpg,cupcake tray,8,8.0,1
1892.jpg,bottle caps,180,180.0,136
4602.jpg,kiwis,54,50.0,39
3706.jpg,chewing gum pieces,10,10.0,12
5245.jpg,cupcakes,12,12.0,12
6982.jpg,cereals,27,27.0,15
4466.jpg,tomatoes,12,12.0,10
2554.jpg,alcohol bottles,48,50.0,12
4516.jpg,bananas,25,27.0,12
4380.jpg,cranes,17,17.0,15
3092.jpg,bread rolls,9,9.0,10
7235.jpg,lipstick,30,30.0,30
3610.jpg,ice cream,24,24.0,14
7089.jpg,cars,155,180.0,38
7151.jpg,zebras,148,160.0,87
7048.jpg,bricks,288,288.0,0
757.jpg,birds,9,9.0,12
6559.jpg,pigeons,66,61.0,44
6917.jpg,cereals,29,28.0,14
2673.jpg,bowls,14,13.0,15
5942.jpg,eggs,10,10.0,6
6959.jpg,markers,212,214.0,108
3410.jpg,nuts,59,59.0,28
2561.jpg,alcohol bottles,50,48.0,12
5320.jpg,candles,33,33.0,50
4597.jpg,kiwis,64,35.0,30
3635.jpg,jade stones,25,26.0,12
7424.jpg,eggs,145,150.0,150
7193.jpg,horses,13,14.0,14
6129.jpg,cars,199,190.0,88
3184.jpg,candles,8,8.0,10
7598.jpg,sheep,31,31.0,21
4105.jpg,oyster shells,12,12.0,12
613.jpg,seagulls,7,8.0,8
3268.jpg,finger foods,19,19.0,16
395.jpg,pigeons,69,64.0,58
4028.jpg,beads,107,108.0,42
4787.jpg,balls,57,52.0,80
3617.jpg,gemstones,12,12.0,12
710.jpg,apples,16,15.0,12
3106.jpg,naan bread,19,19.0,11
6213.jpg,coins,8,8.0,8
6821.jpg,boxes,42,49.0,24
4020.jpg,beads,73,72.0,18
3121.jpg,coffee beans,60,60.0,
7554.jpg,markers,71,72.0,72
5647.jpg,cotton balls,14,14.0,10
4740.jpg,peaches,14,14.0,12
7540.jpg,fresh cut,64,66.0,25
5291.jpg,potatoes,11,11.0,11
2332.jpg,bricks,69,71.0,
3592.jpg,chicken wings,12,11.0,10
3425.jpg,polka dots,885,576.0,31
7138.jpg,caps,46,47.0,28
6165.jpg,tomatoes,36,33.0,18
5982.jpg,bread rolls,18,18.0,15
3571.jpg,chicken wings,25,26.0,30
7517.jpg,cups,30,30.0,37
6356.jpg,shoes,85,84.0,26
5025.jpg,bread rolls,17,20.0,24
6348.jpg,shoes,32,32.0,24
4772.jpg,balls,16,16.0,15
4439.jpg,tomatoes,40,38.0,15
3180.jpg,buns,12,12.0,12
2273.jpg,apples,165,132.0,40
5738.jpg,polka dots,27,28.0,10
5597.jpg,marbles,128,168.0,106
960.jpg,birds,13,13.0,12
535.jpg,geese,18,18.0,15
1981.jpg,bottle caps,159,170.0,134
2465.jpg,windows,23,21.0,14
6709.jpg,geese,9,9.0,10
2526.jpg,spoon,13,13.0,13
7119.jpg,shoes,59,60.0,60
4970.jpg,tree logs,44,47.0,12
6453.jpg,beads,15,16.0,10
681.jpg,watches,24,24.0,25
4645.jpg,geese,15,15.0,15
4617.jpg,geese,17,,15
6449.jpg,beads,107,,32
5372.jpg,marbles,31,,30
5901.jpg,grapes,48,,20
3467.jpg,beads,35,,15
6099.jpg,chicken wings,26,,25
207.jpg,balls,11,,12
7524.jpg,shoes,37,,21
7516.jpg,bowls,34,,23
2029.jpg,sunglasses,79,,70
6953.jpg,fishes,18,,16
5965.jpg,cranes,92,,0
3608.jpg,ice cream,37,,24
7128.jpg,eggs,49,,100
4250.jpg,cupcake tray,24,,2
1999.jpg,bottle caps,83,,46
3841.jpg,stairs,13,,12
5079.jpg,chicken wings,27,,32
2511.jpg,lipstick,74,,72
5247.jpg,cupcakes,12,,12
42.jpg,tomatoes,68,,42
7217.jpg,plates,23,,14
7600.jpg,bottle caps,452,,218
3576.jpg,chicken wings,26,,16
5660.jpg,donuts tray,19,,2
2748.jpg,oranges,23,,8
5721.jpg,bread rolls,16,,15
1947.jpg,bottle caps,12,,12
6691.jpg,geese,23,,18
3882.jpg,beads,9,,10
7668.jpg,eggs,23,,12
6557.jpg,pigeons,55,,52
2956.jpg,stamps,25,,28
4549.jpg,flamingos,33,,0
2540.jpg,spoon,31,,44
5985.jpg,lipstick,16,,15
5911.jpg,grapes,40,,18
6.jpg,hot air balloons,9,,11
6474.jpg,beads,21,,13
4104.jpg,oyster shells,44,,35
5553.jpg,kidney beans,15,,16
283.jpg,penguins,8,,11
2003.jpg,bottle caps,20,,36
4448.jpg,tomatoes,21,,12
3962.jpg,candles,37,,32
3364.jpg,bread rolls,12,,12
629.jpg,cranes,21,,15
3377.jpg,bread rolls,12,,12
6214.jpg,coins,44,,34
897.jpg,plates,52,,19
6827.jpg,sauce bottles,16,,16
5531.jpg,pearls,16,,12
736.jpg,ants,44,,42
5930.jpg,eggs,14,,12
2136.jpg,pens,11,,10
2164.jpg,apples,23,,12
7484.jpg,comic books,21,,25
5438.jpg,biscuits,45,,34
6070.jpg,flamingos,24,,18
2590.jpg,alcohol bottles,56,,26
3594.jpg,coffee beans,56,,
5889.jpg,grapes,27,,10
6538.jpg,beads,102,,108
4980.jpg,pigeons,10,,10
3114.jpg,crab cakes,17,,12
5984.jpg,lipstick,14,,15
7506.jpg,carrom board pieces,19,,19
6871.jpg,birds,17,,14
2984.jpg,jeans,63,,14
7250.jpg,pills,18,,21
3996.jpg,beads,110,,108
4769.jpg,balls,51,,15
6935.jpg,nail polish,60,,36
4545.jpg,flamingos,21,,16
5106.jpg,chicken wings,23,,24
5806.jpg,cashew nuts,46,,40
5227.jpg,donuts tray,54,,2
2092.jpg,pens,41,,58
3436.jpg,polka dots,443,,
3229.jpg,kidney beans,92,,12
686.jpg,apples,47,,26
4233.jpg,cupcake tray,12,,1
296.jpg,strawberries,30,,15
6387.jpg,beads,13,,12
6104.jpg,chicken wings,27,,24
3281.jpg,finger foods,15,,15
6388.jpg,beads,145,,45
3190.jpg,candles,12,,12
78.jpg,tomatoes,59,,43
754.jpg,birds,9,,7
7064.jpg,go game,276,,1
6936.jpg,apples,111,,72
638.jpg,cranes,38,,20
3267.jpg,bullets,25,,20
721.jpg,windows,12,,8
388.jpg,pigeons,14,,12
4162.jpg,macarons,18,,12
753.jpg,birds,12,,12
5778.jpg,cupcake tray,12,,2
3352.jpg,bread rolls,12,,12
3710.jpg,chewing gum pieces,14,,14
7425.jpg,lipstick,30,,24
5526.jpg,jade stones,25,,24
3136.jpg,coffee beans,504,,
2207.jpg,apples,10,,10
7618.jpg,spoon,12,,13
6245.jpg,apples,12,,9
6288.jpg,pills,18,,21
5415.jpg,cotton balls,10,,10
3395.jpg,bread rolls,12,,12
5417.jpg,cotton balls,41,,12
4836.jpg,grapes,42,,8
2872.jpg,chairs,10,,10
1053.jpg,sheep,207,,213
1462.jpg,keyboard keys,409,,44
7184.jpg,pencils,72,,48
5047.jpg,polka dots,30,,25
4372.jpg,cranes,18,,17
4983.jpg,pigeons,8,,8
4873.jpg,penguins,125,,141
5362.jpg,marbles,18,,8
7609.jpg,markers,110,,80
596.jpg,seagulls,14,,11
6993.jpg,sunglasses,90,,40
7222.jpg,stamps,49,,65
6834.jpg,roof tiles,270,,
1762.jpg,coins,166,,
653.jpg,cranes,13,,11
4799.jpg,grapes,122,,
7610.jpg,flower pots,20,,20
4243.jpg,cupcake tray,12,,1
1977.jpg,bottle caps,132,,
3442.jpg,bees,59,,35
2888.jpg,chairs,18,,6
2871.jpg,chairs,48,,15
5960.jpg,cranes,49,,42
5200.jpg,donuts tray,8,,8
2291.jpg,stapler pins,70,,0
2793.jpg,cans,24,,30
5323.jpg,candles,47,,43
3454.jpg,beads,21,,20
793.jpg,fishes,8,,7
5152.jpg,toilet paper rolls,8,,9
6075.jpg,flamingos,98,,71
1572.jpg,carrom board pieces,25,,15
566.jpg,flamingos,15,,12
7638.jpg,windows,28,,12
5995.jpg,lipstick,8,,8
237.jpg,grapes,65,,18
